<application>
  <component name="FileTypeManager" version="18">
    <extensionMap>
      <mapping pattern="swagger.json" type="AUTO_DETECTED" />
      <mapping pattern="php-cs-fixer" type="AUTO_DETECTED" />
      <mapping pattern=".htaccess" type="PLAIN_TEXT" />
      <mapping pattern=".link-module-alias-$config" type="PLAIN_TEXT" />
      <mapping pattern=".php_cs.dist" type="PLAIN_TEXT" />
      <mapping pattern=".php_cs.laravel" type="PLAIN_TEXT" />
      <mapping ext="neon" type="PLAIN_TEXT" />
      <mapping ext="bak" type="PLAIN_TEXT" />
      <mapping ext="ks" type="PLAIN_TEXT" />
      <mapping ext="stub" type="PLAIN_TEXT" />
      <mapping ext="pphp" type="PLAIN_TEXT" />
      <mapping ext="handlebar" type="PLAIN_TEXT" />
      <mapping ext="gltf" type="PLAIN_TEXT" />
      <mapping ext="pem" type="PLAIN_TEXT" />
      <mapping ext="edge" type="PLAIN_TEXT" />
      <removed_mapping ext="edge" approved="true" type="Blade" />
      <removed_mapping pattern=".env" approved="true" type=".env file" />
      <removed_mapping pattern=".env" approved="true" type="PLAIN_TEXT" />
      <removed_mapping pattern=".env.dev" approved="true" type="PLAIN_TEXT" />
      <removed_mapping pattern=".env.example" approved="true" type="PLAIN_TEXT" />
      <removed_mapping pattern=".env.local" approved="true" type="PLAIN_TEXT" />
      <mapping ext=".model" type="Tabnine project model file" />
      <mapping ext=".tabnine" type="Tabnine project model file" />
      <mapping ext=".tabnine.model" type="Tabnine project model file" />
      <mapping ext="model" type="Tabnine project model file" />
      <mapping ext="tabnine" type="Tabnine project model file" />
    </extensionMap>
  </component>
</application>