<application>
  <component name="FindSettings">
    <option name="customScope" value="Project Files" />
    <option name="defaultScopeName" value="Project Files" />
    <option name="SEARCH_SCOPE" value="Project Files" />
    <mask>*.properties</mask>
    <mask>*.jsp</mask>
    <mask>*.java</mask>
    <mask>*.as</mask>
    <mask>*.mxml</mask>
    <mask>*.scss</mask>
    <mask>.php</mask>
    <mask>*.blade.php</mask>
    <mask>*.css</mask>
    <mask>*.html</mask>
    <mask>*.xml</mask>
    <mask>*.php4</mask>
    <mask>*.phtml</mask>
    <mask>*.php5</mask>
    <mask>*.ctp</mask>
    <mask>*.hphp</mask>
    <mask>*.module</mask>
    <mask>*.inc</mask>
    <mask>*.js</mask>
    <mask>*.php</mask>
    <mask>*.ts</mask>
    <mask>!*.prisma</mask>
    <mask>*.model.js</mask>
    <mask>!*.log,!*.json</mask>
    <mask>!*.model.js</mask>
    <mask>*.validation.js</mask>
    <mask>!*.log</mask>
    <mask>!trigger.route.js</mask>
  </component>
</application>