<application>
  <component name="MaterialThemeConfig">
    <option name="UIFont" value="Fira Code Retina" />
    <option name="compactMenus" value="true" />
    <option name="compactStatusBar" value="true" />
    <option name="compactTables" value="true" />
    <option name="contrastMode" value="true" />
    <option name="compactDropdowns" value="true" />
    <option name="compactSidebar" value="true" />
    <option name="isCompactMenus" value="true" />
    <option name="isCompactStatusBar" value="true" />
    <option name="isCompactTables" value="true" />
    <option name="isContrastMode" value="true" />
    <option name="isTabsShadow" value="false" />
    <option name="isWizardShown" value="true" />
    <option name="overrideAccentColor" value="false" />
    <option name="pristineConfig" value="false" />
    <option name="themedScrollbars" value="false" />
    <option name="settingsSelectedTab" value="1" />
    <option name="tabsHeight" value="25" />
    <option name="accentColor" value="009bff" />
    <option name="userId" value="213306eb:16487d852fa:-8000" />
    <option name="version" value="6.16.2" />
    <option name="uiFont" value="Fira Code Retina" />
    <option name="tabHighlightPosition" value="Bottom" />
    <option name="stripedToolWindowsEnabled" value="true" />
  </component>
</application>