<application>
  <component name="NotificationConfiguration">
    <notification groupId="Common Version Control Messages" displayType="TOOL_WINDOW" />
    <notification groupId="Database editor log" displayType="NONE" />
    <notification groupId="Database refactoring log" displayType="NONE" />
    <notification groupId="Database view" displayType="TOOL_WINDOW" />
    <notification groupId="File Watcher Messages" displayType="STICKY_BALLOON" />
    <notification groupId="Git Important Messages" displayType="STICKY_BALLOON" />
    <notification groupId="Git Messages" displayType="TOOL_WINDOW" />
    <notification groupId="IDE Usage Statistics" displayType="STICKY_BALLOON" shouldLog="false" />
    <notification groupId="JavaScript debugger" displayType="TOOL_WINDOW" shouldLog="false" />
    <notification groupId="PHP Debugger" displayType="TOOL_WINDOW" shouldLog="false" />
    <notification groupId="Svn Roots Detection Errors" displayType="STICKY_BALLOON" />
    <notification groupId="update.available.group" displayType="STICKY_BALLOON" />
    <notification groupId="Vcs Important Messages" displayType="STICKY_BALLOON" />
    <notification groupId="Web Deployment" displayType="TOOL_WINDOW" shouldLog="false" />
  </component>
</application>