<application>
  <component name="ProjectManager">
    <defaultProject>
      <component name="ComposerSettings">
        <pharPath>/Applications/AMPPS/www/composer_2.phar</pharPath>
      </component>
      <component name="Encoding">
        <file url="PROJECT" charset="UTF-8" />
      </component>
      <component name="FileColors">
        <fileColor scope="Non-Project Files (Material Default)" color="2E3C43" />
        <fileColor scope="Non-Project Files (Material Darker)" color="323232" />
        <fileColor scope="Non-Project Files (Material Lighter)" color="eae8e8" />
        <fileColor scope="Non-Project Files (Material Palenight)" color="2f2e43" />
        <fileColor scope="Non-Project Files (Material Oceanic)" color="2E3C43" />
      </component>
      <component name="NodePackageJsonFileManager">
        <packageJsonPaths />
      </component>
      <component name="PhpWorkspaceProjectConfiguration" backward_compatibility_performed="true" />
      <component name="ProjectInspectionProfilesVisibleTreeState">
        <entry key="Project Default">
          <profile-state>
            <expanded-state>
              <State>
                <id />
              </State>
              <State>
                <id>Cucumber</id>
              </State>
              <State>
                <id>PHP</id>
              </State>
              <State>
                <id>Probably bugPHP</id>
              </State>
              <State>
                <id>Type compatibilityPHP</id>
              </State>
            </expanded-state>
            <selected-state>
              <State>
                <id>CoffeeScript</id>
              </State>
            </selected-state>
          </profile-state>
        </entry>
      </component>
      <component name="PropertiesComponent">
        <property name="last_opened_file_path" value="/Applications/AMPPS/www" />
        <property name="nodejs_interpreter_path.stuck_in_default_project" value="undefined stuck path" />
        <property name="nodejs_npm_path_reset_for_default_project" value="true" />
        <property name="options.lastSelected" value="coverage" />
        <property name="options.searchVisible" value="true" />
        <property name="options.splitter.details.proportions" value="0.2" />
        <property name="options.splitter.main.proportions" value="0.3" />
        <property name="settings.editor.selected.configurable" value="preferences.pluginManager" />
      </component>
      <component name="SvnConfiguration" maxAnnotateRevisions="500" myUseAcceleration="nothing" myAutoUpdateAfterCommit="false" cleanupOnStartRun="false" SSL_PROTOCOLS="sslv3">
        <option name="USER" value="" />
        <option name="PASSWORD" value="" />
        <option name="mySSHConnectionTimeout" value="30000" />
        <option name="mySSHReadTimeout" value="30000" />
        <option name="LAST_MERGED_REVISION" />
        <option name="MERGE_DRY_RUN" value="false" />
        <option name="MERGE_DIFF_USE_ANCESTRY" value="true" />
        <option name="UPDATE_LOCK_ON_DEMAND" value="false" />
        <option name="IGNORE_SPACES_IN_MERGE" value="false" />
        <option name="CHECK_NESTED_FOR_QUICK_MERGE" value="false" />
        <option name="IGNORE_SPACES_IN_ANNOTATE" value="true" />
        <option name="SHOW_MERGE_SOURCES_IN_ANNOTATE" value="true" />
        <option name="FORCE_UPDATE" value="false" />
        <option name="IGNORE_EXTERNALS" value="false" />
        <configuration useDefault="false">$USER_HOME$/.subversion</configuration>
        <myIsUseDefaultProxy>false</myIsUseDefaultProxy>
      </component>
      <component name="VcsContentAnnotationSettings">
        <option name="myLimit" value="2678400000" />
      </component>
      <component name="VcsManagerConfiguration">
        <option name="myTodoPanelSettings">
          <TodoPanelSettings />
        </option>
      </component>
    </defaultProject>
  </component>
</application>