<application>
  <component name="GitRememberedInputs">
    <option name="visitedUrls">
      <list>
        <UrlAndUserName>
          <option name="url" value="https://gitlab.com/arsenaltech/vavel.git" />
          <option name="userName" value="" />
        </UrlAndUserName>
        <UrlAndUserName>
          <option name="url" value="http://github.com" />
          <option name="userName" value="malaymehta" />
        </UrlAndUserName>
        <UrlAndUserName>
          <option name="url" value="http://picahoo.dedicated.co.za" />
          <option name="userName" value="support@picahoo.co.za" />
        </UrlAndUserName>
        <UrlAndUserName>
          <option name="url" value="http://gitlab.co.za" />
          <option name="userName" value="dev005.weboccult" />
        </UrlAndUserName>
        <UrlAndUserName>
          <option name="url" value="http://bitbucket.org" />
          <option name="userName" value="bhaven_shah" />
        </UrlAndUserName>
        <UrlAndUserName>
          <option name="url" value="http://gitlab.com" />
          <option name="userName" value="dhyey.bhanvadiya36@gmail.com" />
        </UrlAndUserName>
      </list>
    </option>
    <option name="cloneParentDir" value="/Applications/AMPPS/www" />
  </component>
  <component name="Vcs.Log.App.Settings">
    <option name="SHOW_CHANGES_FROM_PARENTS" value="true" />
    <option name="COLUMN_ID_ORDER">
      <list>
        <option value="Default.Root" />
        <option value="Default.Subject" />
        <option value="Default.Author" />
        <option value="Default.Date" />
      </list>
    </option>
  </component>
  <component name="VcsApplicationSettings">
    <option name="PATCH_STORAGE_LOCATION" value="$USER_HOME$/Downloads/Patches/Admin" />
  </component>
</application>